,Borough,pop_per_dogpark
0,Bronx,47892.833333333336
1,Brooklyn,68601.36842105263
2,Manhattan,48087.91176470588
3,Queens,72187.84375
4,Staten Island,27842.58823529412
